Workbook

Sheet Dashboard
A1: 2025 Sales Dashboard
A3: Total Revenue | C3: Total Units | E3: Avg Order Value | G3: Top Region
A4: =SUM(Data!E2:E145) | C4: =SUM(Data!D2:D145) | E4: =SUM(Data!E2:E145)/SUM(Data!D2:D145) | G4: =INDEX(ByRegion!A2:A5,MATCH(MAX(ByRegion!B2:B5),ByRegion!B2:B5,0))

Sheet Data
A1: Month | B1: Region | C1: Product | D1: Units | E1: Revenue
A2: 2025-01 | B2: North | C2: Widgets | D2: 156 | E2: 3900
A3: 2025-01 | B3: North | C3: Gadgets | D3: 104 | E3: 6240
A4: 2025-01 | B4: North | C4: Gizmos | D4: 58 | E4: 6960
A5: 2025-01 | B5: South | C5: Widgets | D5: 102 | E5: 2550
A6: 2025-01 | B6: South | C6: Gadgets | D6: 68 | E6: 4080
A7: 2025-01 | B7: South | C7: Gizmos | D7: 38 | E7: 4560
A8: 2025-01 | B8: East | C8: Widgets | D8: 126 | E8: 3150
A9: 2025-01 | B9: East | C9: Gadgets | D9: 84 | E9: 5040
A10: 2025-01 | B10: East | C10: Gizmos | D10: 47 | E10: 5640
A11: 2025-01 | B11: West | C11: Widgets | D11: 114 | E11: 2850
A12: 2025-01 | B12: West | C12: Gadgets | D12: 76 | E12: 4560
A13: 2025-01 | B13: West | C13: Gizmos | D13: 43 | E13: 5160
... A145: 2025-12 | B145: West | C145: Gizmos | D145: 61 | E145: 7320

Sheet Monthly
A1: Month | B1: Revenue | C1: Units
A2: Jan | B2: =SUMIF(Data!$A$2:$A$145,"2025-01",Data!$E$2:$E$145) | C2: =SUMIF(Data!$A$2:$A$145,"2025-01",Data!$D$2:$D$145)
A3: Feb | B3: =SUMIF(Data!$A$2:$A$145,"2025-02",Data!$E$2:$E$145) | C3: =SUMIF(Data!$A$2:$A$145,"2025-02",Data!$D$2:$D$145)
A4: Mar | B4: =SUMIF(Data!$A$2:$A$145,"2025-03",Data!$E$2:$E$145) | C4: =SUMIF(Data!$A$2:$A$145,"2025-03",Data!$D$2:$D$145)
A5: Apr | B5: =SUMIF(Data!$A$2:$A$145,"2025-04",Data!$E$2:$E$145) | C5: =SUMIF(Data!$A$2:$A$145,"2025-04",Data!$D$2:$D$145)
A6: May | B6: =SUMIF(Data!$A$2:$A$145,"2025-05",Data!$E$2:$E$145) | C6: =SUMIF(Data!$A$2:$A$145,"2025-05",Data!$D$2:$D$145)
A7: Jun | B7: =SUMIF(Data!$A$2:$A$145,"2025-06",Data!$E$2:$E$145) | C7: =SUMIF(Data!$A$2:$A$145,"2025-06",Data!$D$2:$D$145)
A8: Jul | B8: =SUMIF(Data!$A$2:$A$145,"2025-07",Data!$E$2:$E$145) | C8: =SUMIF(Data!$A$2:$A$145,"2025-07",Data!$D$2:$D$145)
A9: Aug | B9: =SUMIF(Data!$A$2:$A$145,"2025-08",Data!$E$2:$E$145) | C9: =SUMIF(Data!$A$2:$A$145,"2025-08",Data!$D$2:$D$145)
A10: Sep | B10: =SUMIF(Data!$A$2:$A$145,"2025-09",Data!$E$2:$E$145) | C10: =SUMIF(Data!$A$2:$A$145,"2025-09",Data!$D$2:$D$145)
A11: Oct | B11: =SUMIF(Data!$A$2:$A$145,"2025-10",Data!$E$2:$E$145) | C11: =SUMIF(Data!$A$2:$A$145,"2025-10",Data!$D$2:$D$145)
A12: Nov | B12: =SUMIF(Data!$A$2:$A$145,"2025-11",Data!$E$2:$E$145) | C12: =SUMIF(Data!$A$2:$A$145,"2025-11",Data!$D$2:$D$145)
A13: Dec | B13: =SUMIF(Data!$A$2:$A$145,"2025-12",Data!$E$2:$E$145) | C13: =SUMIF(Data!$A$2:$A$145,"2025-12",Data!$D$2:$D$145)

Sheet ByRegion
A1: Region | B1: Revenue
A2: North | B2: =SUMIF(Data!$B$2:$B$145,"North",Data!$E$2:$E$145)
A3: South | B3: =SUMIF(Data!$B$2:$B$145,"South",Data!$E$2:$E$145)
A4: East | B4: =SUMIF(Data!$B$2:$B$145,"East",Data!$E$2:$E$145)
A5: West | B5: =SUMIF(Data!$B$2:$B$145,"West",Data!$E$2:$E$145)

Sheet ByProduct
A1: Product | B1: Revenue
A2: Widgets | B2: =SUMIF(Data!$C$2:$C$145,"Widgets",Data!$E$2:$E$145)
A3: Gadgets | B3: =SUMIF(Data!$C$2:$C$145,"Gadgets",Data!$E$2:$E$145)
A4: Gizmos | B4: =SUMIF(Data!$C$2:$C$145,"Gizmos",Data!$E$2:$E$145)
